{"metadata":{"normal":32,
        "version":3,
        "position":32,
         "type":"BufferGeometry",
        "generator":"io_three"
    },
    "data":{
        "index":{
            "type":"Uint16Array",
            "array":[0,1,2,3,4,5,6,7,8,9,10,11,12,13,14,15,16,17,18,19,20,3,21,4,22,23,24,25,26,27,12,28,13,29,30,31],
            "itemSize":1
        },
        "groups":[{
            "start":0,
            "count":36,
            "materialIndex":0
        }],
        "attributes":{
            "normal":{
                "type":"Float32Array",
                "array":[0,-1,0,0,-1,0,0,-1,0,0,1,0,0,1,0,0,1,0,1,-0,0,1,-0,0,1,-0,0,0,-3.53191e-07,1,0,-3.53191e-07,1,0,-3.53191e-07,1,-1,-1.76596e-07,-1.76596e-07,-1,-1.76596e-07,-1.76596e-07,-1,-1.76596e-07,-1.76596e-07,3.53191e-07,6.23721e-14,-1,3.53191e-07,6.23721e-14,-1,3.53191e-07,6.23721e-14,-1,0,-1,0,0,-1,0,0,-1,0,0,1,0,1,5.29787e-07,5.29787e-07,1,5.29787e-07,5.29787e-07,1,5.29787e-07,5.29787e-07,-3.53191e-07,-6.23721e-14,1,-3.53191e-07,-6.23721e-14,1,-3.53191e-07,-6.23721e-14,1,-1,-1.76596e-07,-1.76596e-07,1.76596e-07,1.76596e-07,-1,1.76596e-07,1.76596e-07,-1,1.76596e-07,1.76596e-07,-1],
                "itemSize":3
            },
            "position":{
                "type":"Float32Array",
                "array":[0.16876,-0.16876,-0.16876,-0.16876,-0.16876,0.16876,-0.16876,-0.16876,-0.16876,-0.16876,0.16876,-0.16876,0.16876,0.16876,0.16876,0.16876,0.16876,-0.16876,0.16876,0.16876,-0.16876,0.16876,-0.16876,0.16876,0.16876,-0.16876,-0.16876,0.16876,0.16876,0.16876,-0.16876,-0.16876,0.16876,0.16876,-0.16876,0.16876,-0.16876,0.16876,0.16876,-0.16876,-0.16876,-0.16876,-0.16876,-0.16876,0.16876,0.16876,0.16876,-0.16876,-0.16876,-0.16876,-0.16876,-0.16876,0.16876,-0.16876,0.16876,-0.16876,-0.16876,0.16876,-0.16876,0.16876,-0.16876,-0.16876,0.16876,-0.16876,0.16876,0.16876,0.16876,0.16876,-0.16876,0.16876,0.16876,0.16876,0.16876,-0.16876,0.16876,0.16876,0.16876,0.16876,-0.16876,0.16876,0.16876,-0.16876,-0.16876,0.16876,-0.16876,0.16876,-0.16876,0.16876,0.16876,-0.16876,0.16876,-0.16876,-0.16876,-0.16876,-0.16876,-0.16876],
                "itemSize":3
            }
        }
    }
}
